{
    "mtx": [
        [
            808.3216818101819,
            0.0,
            320.0100665086824
        ],
        [
            0.0,
            806.8472503998667,
            249.24376043885874
        ],
        [
            0.0,
            0.0,
            1.0
        ]
    ],
    "dist": [
        [
            0.01282847453337433,
            0.7328478973821425,
            -0.0015755079872387116,
            0.00012731681267841551,
            -2.4525928434332536
        ]
    ]
}